[
  {
  "name": "Zeus",
  "description": "Your Build: Your Worker may build a block under itself.",
  "turnSequence": {
    "type": "LINEAR",
    "content": {
      "sequence": {
        "steps": [
          [
            {
              "description": "Move",
              "family": "MOVE",
              "effects": ["MOVE"],
              "checks": ["NEIGHBOUR", "MAX_ONE_LEVEL_ABOVE", "NO_DOME", "NOT_OCCUPIED"]
            }
          ], [
            {
              "description": "Build_Block",
              "family": "BUILD",
              "effects": ["BUILD_BLOCK"],
              "checks": ["NEIGHBOUR", "NO_DOME", "NOT_OCCUPIED_OR_SELF", "NOT_MAX_LEVEL"]
            }, {
              "description": "Build_Dome",
              "family": "BUILD",
              "effects": ["BUILD_DOME"],
              "checks": ["NEIGHBOUR", "NO_DOME", "NOT_OCCUPIED", "MAX_LEVEL"]
            }
          ]
        ]
      }
    }
  }
},{
  "name": "Charon",
  "description": "Your Move: Before your Worker moves, you may force a neighboring opponent Worker to the space directly on the other side of your Worker, if that space is unoccupied.",
  "turnSequence": {
    "type": "BRANCHING",
    "content": {
      "commonSteps": {
        "steps": []
      },
      "branches": [
        {
          "steps": [
            [
              {
                "description": "Move",
                "family": "MOVE",
                "effects": ["MOVE"],
                "checks": ["NEIGHBOUR", "MAX_ONE_LEVEL_ABOVE", "NO_DOME", "NOT_OCCUPIED"]
              }
            ], [
              {
                "description": "Build_Block",
                "family": "BUILD",
                "effects": ["BUILD_BLOCK"],
                "checks": ["NEIGHBOUR", "NO_DOME", "NOT_OCCUPIED", "NOT_MAX_LEVEL"]
              }, {
                "description": "Build_Dome",
                "family": "BUILD",
                "effects": ["BUILD_DOME"],
                "checks": ["NEIGHBOUR", "NO_DOME", "NOT_OCCUPIED", "MAX_LEVEL"]
              }
            ]
          ]
        },
        {
          "steps": [
            [
              {
                "description": "Ferry",
                "family": "NONE",
                "effects": ["FERRY"],
                "checks": ["NEIGHBOUR", "CAN_FERRY", "NO_ALLY"]
              }
            ], [
              {
                "description": "Move",
                "family": "MOVE",
                "effects": ["MOVE"],
                "checks": ["NEIGHBOUR", "MAX_ONE_LEVEL_ABOVE", "NO_DOME", "NOT_OCCUPIED"]
              }
            ], [
              {
                "description": "Build_Block",
                "family": "BUILD",
                "effects": ["BUILD_BLOCK"],
                "checks": ["NEIGHBOUR", "NO_DOME", "NOT_OCCUPIED", "NOT_MAX_LEVEL"]
              }, {
                "description": "Build_Dome",
                "family": "BUILD",
                "effects": ["BUILD_DOME"],
                "checks": ["NEIGHBOUR", "NO_DOME", "NOT_OCCUPIED", "MAX_LEVEL"]
              }
            ]
          ]
        }
      ]
    }
  }
}, {
  "name": "Hestia",
  "description": "Your Build: Your Worker may build one additional time, but this cannot be on a perimeter space.",
  "turnSequence": {
    "type": "LINEAR",
    "content": {
      "sequence": {
        "steps": [
          [
            {
              "description": "Move",
              "family": "MOVE",
              "effects": ["MOVE"],
              "checks": ["NEIGHBOUR", "MAX_ONE_LEVEL_ABOVE", "NOT_OCCUPIED", "NO_DOME"]
            }
          ], [
            {
              "description": "Build_Block",
              "family": "BUILD",
              "effects": ["BUILD_BLOCK"],
              "checks": ["NEIGHBOUR", "NO_DOME", "NOT_OCCUPIED", "NOT_MAX_LEVEL"]
            }, {
              "description": "Build_Dome",
              "family": "BUILD",
              "effects": ["BUILD_DOME"],
              "checks": ["NEIGHBOUR", "NO_DOME", "NOT_OCCUPIED", "MAX_LEVEL"]
            }
          ], [
            {
              "description": "Build_Block",
              "family": "BUILD",
              "effects": ["BUILD_BLOCK"],
              "checks": ["NEIGHBOUR", "NO_DOME", "NOT_OCCUPIED", "NOT_MAX_LEVEL", "NOT_PERIMETER"]
            }, {
              "description": "Build_Dome",
              "family": "BUILD",
              "effects": ["BUILD_DOME"],
              "checks": ["NEIGHBOUR", "NO_DOME", "NOT_OCCUPIED", "MAX_LEVEL", "NOT_PERIMETER"]
            }, {
              "description": "Pass_turn",
              "family": "NONE",
              "effects": [],
              "checks": []
            }
          ]
        ]
      }
    }
  }
},{
  "name": "Urania",
  "description": "Your Turn: When your Worker moves or builds, treat opposite edges and corners as if they are adjacent so that every space has 8 neighbors.",
  "turnSequence": {
    "type": "LINEAR",
    "content": {
      "sequence": {
        "steps": [
          [
            {
              "description": "Move",
              "family": "MOVE",
              "effects": ["MOVE"],
              "checks": ["NEIGHBOUR_LOOPING", "MAX_ONE_LEVEL_ABOVE", "NO_DOME", "NOT_OCCUPIED"]
            }
          ], [
            {
              "description": "Build_Block",
              "family": "BUILD",
              "effects": ["BUILD_BLOCK"],
              "checks": ["NEIGHBOUR_LOOPING", "NO_DOME", "NOT_OCCUPIED", "NOT_MAX_LEVEL"]
            }, {
              "description": "Build_Dome",
              "family": "BUILD",
              "effects": ["BUILD_DOME"],
              "checks": ["NEIGHBOUR_LOOPING", "NO_DOME", "NOT_OCCUPIED", "MAX_LEVEL"]
            }
          ]
        ]
      }
    }
  }
},{
  "name": "Chronus",
  "description": "Win Condition: You also win when there are at least five Complete Towers on the board.",
  "turnSequence": {
    "type": "LINEAR",
    "content": {
      "sequence": {
        "steps": [
          [
            {
              "description": "Move",
              "family": "MOVE",
              "effects": ["MOVE", "WIN_ON_5_TOWERS"],
              "checks": ["NEIGHBOUR", "MAX_ONE_LEVEL_ABOVE", "NO_DOME", "NOT_OCCUPIED"]
            }
          ], [
            {
              "description": "Build_Block",
              "family": "BUILD",
              "effects": ["BUILD_BLOCK", "WIN_ON_5_TOWERS", "FORBID_5_TOWERS_LOSS"],
              "checks": ["NEIGHBOUR", "NO_DOME", "NOT_OCCUPIED", "NOT_MAX_LEVEL"]
            }, {
              "description": "Build_Dome",
              "family": "BUILD",
              "effects": ["BUILD_DOME", "WIN_ON_5_TOWERS", "FORBID_5_TOWERS_LOSS"],
              "checks": ["NEIGHBOUR", "NO_DOME", "NOT_OCCUPIED", "MAX_LEVEL"]
            }
          ]
        ]
      }
    }
  }
},{
  "name": "Limus",
  "description": "Opponent’s Turn: Opponent Workers cannot build on spaces neighboring your Workers, unless building a dome to create a Complete Tower.",
  "turnSequence": {
    "type": "LINEAR",
    "content": {
      "sequence": {
        "steps": [
          [
            {
              "description": "Move",
              "family": "MOVE",
              "effects": ["MOVE"],
              "checks": ["NEIGHBOUR", "MAX_ONE_LEVEL_ABOVE", "NO_DOME", "NOT_OCCUPIED"]
            }
          ], [
            {
              "description": "Build_Block",
              "family": "BUILD",
              "effects": ["BUILD_BLOCK", "FORBID_BUILD_CLOSE"],
              "checks": ["NEIGHBOUR", "NO_DOME", "NOT_OCCUPIED", "NOT_MAX_LEVEL"]
            }, {
              "description": "Build_Dome",
              "family": "BUILD",
              "effects": ["BUILD_DOME", "FORBID_BUILD_CLOSE"],
              "checks": ["NEIGHBOUR", "NO_DOME", "NOT_OCCUPIED", "MAX_LEVEL"]
            }
          ]
        ]
      }
    }
  }
},{
  "name": "Hades",
  "description": "Opponent’s Turn: Opponent Workers cannot move down.",
  "turnSequence": {
    "type": "LINEAR",
    "content": {
      "sequence": {
        "steps": [
          [
            {
              "description": "Move",
              "family": "MOVE",
              "effects": ["MOVE", "FORBID_MOVE_DOWN"],
              "checks": ["NEIGHBOUR", "MAX_ONE_LEVEL_ABOVE", "NO_DOME", "NOT_OCCUPIED"]
            }
          ], [
            {
              "description": "Build_Block",
              "family": "BUILD",
              "effects": ["BUILD_BLOCK"],
              "checks": ["NEIGHBOUR", "NO_DOME", "NOT_OCCUPIED", "NOT_MAX_LEVEL"]
            }, {
              "description": "Build_Dome",
              "family": "BUILD",
              "effects": ["BUILD_DOME"],
              "checks": ["NEIGHBOUR", "NO_DOME", "NOT_OCCUPIED", "MAX_LEVEL"]
            }
          ]
        ]
      }
    }
  }
}
]
