[
  {
    "name": "Apollo",
    "description": "Your Move: Your Worker may move into an opponent Worker’s space by forcing their Worker to the space yours just vacated",
    "turnSequence": {
      "type": "LINEAR",
      "content": {
        "sequence": {
          "steps": [
            [
              {
                "description": "Move",
                "family": "MOVE",
                "effects": ["SWAP_PAWNS"],
                "checks": ["NEIGHBOUR", "MAX_ONE_LEVEL_ABOVE", "NO_DOME", "NO_ALLY"]
              }
            ], [
              {
                "description": "Build_Block",
                "family": "BUILD",
                "effects": ["BUILD_BLOCK"],
                "checks": ["NEIGHBOUR", "NO_DOME", "NOT_OCCUPIED", "NOT_MAX_LEVEL"]
              }, {
                "description": "Build_Dome",
                "family": "BUILD",
                "effects": ["BUILD_DOME"],
                "checks": ["NEIGHBOUR", "NO_DOME", "NOT_OCCUPIED", "MAX_LEVEL"]
              }
            ]
          ]
        }
      }
    }
  }, {
  "name": "Minotaur",
  "description": "Your Move: Your Worker may move into an opponent Worker’s space, if their Worker can be forced one space straight backwards to an unoccupied space at any level.",
  "turnSequence": {
    "type": "LINEAR",
    "content": {
      "sequence": {
        "steps": [
          [
            {
              "description": "Move",
              "family": "MOVE",
              "effects": ["PUSH_PAWN", "MOVE"],
              "checks": ["NEIGHBOUR", "MAX_ONE_LEVEL_ABOVE", "NO_DOME", "CAN_PUSH", "NO_ALLY"]
            }
          ], [
            {
              "description": "Build_Block",
              "family": "BUILD",
              "effects": ["BUILD_BLOCK"],
              "checks": ["NEIGHBOUR", "NO_DOME", "NOT_OCCUPIED", "NOT_MAX_LEVEL"]
            }, {
              "description": "Build_Dome",
              "family": "BUILD",
              "effects": ["BUILD_DOME"],
              "checks": ["NEIGHBOUR", "NO_DOME", "NOT_OCCUPIED", "MAX_LEVEL"]
            }
          ]
        ]
      }
    }
  }
}, {
  "name": "Atlas",
  "description": "Your Build: Your Worker may build a dome at any level.",
  "turnSequence": {
    "type": "LINEAR",
    "content": {
      "sequence": {
        "steps": [
          [
            {
              "description": "Move",
              "family": "MOVE",
              "effects": ["MOVE"],
              "checks": ["NEIGHBOUR", "MAX_ONE_LEVEL_ABOVE", "NOT_OCCUPIED", "NO_DOME"]
            }
          ], [
            {
              "description": "Build_Block",
              "family": "BUILD",
              "effects": ["BUILD_BLOCK"],
              "checks": ["NEIGHBOUR", "NO_DOME", "NOT_OCCUPIED", "NOT_MAX_LEVEL"]
            }, {
              "description": "Build_Dome",
              "family": "BUILD",
              "effects": ["BUILD_DOME"],
              "checks": ["NEIGHBOUR", "NO_DOME", "NOT_OCCUPIED"]
            }
          ]
        ]
      }
    }
  }
}, {
  "name": "Athena",
  "description": "Opponent’s Turn: If one of your Workers moved up on your last turn, opponent Workers cannot move up this turn.",
  "turnSequence": {
    "type": "LINEAR",
    "content": {
      "sequence": {
        "steps": [
          [
            {
              "description": "Move",
              "family": "MOVE",
              "effects": ["FORBID_MOVE_UP", "MOVE"],
              "checks": ["NEIGHBOUR", "MAX_ONE_LEVEL_ABOVE", "NOT_OCCUPIED", "NO_DOME"]
            }
          ], [
            {
              "description": "Build_Block",
              "family": "BUILD",
              "effects": ["BUILD_BLOCK"],
              "checks": ["NEIGHBOUR", "NO_DOME", "NOT_OCCUPIED", "NOT_MAX_LEVEL"]
            }, {
              "description": "Build_Dome",
              "family": "BUILD",
              "effects": ["BUILD_DOME"],
              "checks": ["NEIGHBOUR", "NO_DOME", "NOT_OCCUPIED", "MAX_LEVEL"]
            }
          ]
        ]
      }
    }
  }
}, {
  "name": "Hephaestus",
  "description": "Your Build: Your Worker may build one additional block (not dome) on top of your first block.",
  "turnSequence": {
    "type": "LINEAR",
    "content": {
      "sequence": {
        "steps": [
          [
            {
              "description": "Move",
              "family": "MOVE",
              "effects": ["MOVE"],
              "checks": ["NEIGHBOUR", "MAX_ONE_LEVEL_ABOVE", "NOT_OCCUPIED", "NO_DOME"]
            }
          ], [
            {
              "description": "Build_Block",
              "family": "BUILD",
              "effects": ["BUILD_BLOCK", "FORBID_BUILD_AT_OTHER_COORDINATES"],
              "checks": ["NEIGHBOUR", "NO_DOME", "NOT_OCCUPIED", "NOT_MAX_LEVEL"]
            }, {
              "description": "Build_Dome",
              "family": "BUILD",
              "effects": ["BUILD_DOME", "FORBID_BUILD_AT_OTHER_COORDINATES"],
              "checks": ["NEIGHBOUR", "NO_DOME", "NOT_OCCUPIED", "MAX_LEVEL"]
            }
          ], [
            {
              "description": "Build_Block",
              "family": "BUILD",
              "effects": ["BUILD_BLOCK"],
              "checks": ["NEIGHBOUR", "NO_DOME", "NOT_OCCUPIED", "NOT_MAX_LEVEL"]
            }, {
              "description": "Pass_turn",
              "family": "NONE",
              "effects": [],
              "checks": []
            }
          ]
        ]
      }
    }
  }
}, {
  "name": "Demeter",
  "description": "Your Build: Your Worker may build one additional time, but not on the same space.",
  "turnSequence": {
    "type": "LINEAR",
    "content": {
      "sequence": {
        "steps": [
          [
            {
              "description": "Move",
              "family": "MOVE",
              "effects": ["MOVE"],
              "checks": ["NEIGHBOUR", "MAX_ONE_LEVEL_ABOVE", "NOT_OCCUPIED", "NO_DOME"]
            }
          ], [
            {
              "description": "Build_Block",
              "family": "BUILD",
              "effects": ["BUILD_BLOCK", "FORBID_BUILD_AT_COORDINATE"],
              "checks": ["NEIGHBOUR", "NO_DOME", "NOT_OCCUPIED", "NOT_MAX_LEVEL"]
            }, {
              "description": "Build_Dome",
              "family": "BUILD",
              "effects": ["BUILD_DOME", "FORBID_BUILD_AT_COORDINATE"],
              "checks": ["NEIGHBOUR", "NO_DOME", "NOT_OCCUPIED", "MAX_LEVEL"]
            }
          ], [
            {
              "description": "Build_Block",
              "family": "BUILD",
              "effects": ["BUILD_BLOCK"],
              "checks": ["NEIGHBOUR", "NO_DOME", "NOT_OCCUPIED", "NOT_MAX_LEVEL"]
            }, {
              "description": "Build_Dome",
              "family": "BUILD",
              "effects": ["BUILD_DOME"],
              "checks": ["NEIGHBOUR", "NO_DOME", "NOT_OCCUPIED", "MAX_LEVEL"]
            }, {
              "description": "Pass_turn",
              "family": "NONE",
              "effects": [],
              "checks": []
            }
          ]
        ]
      }
    }
  }
},{
  "name": "Pan",
  "description": "Win Condition: You also win if your Worker moves down two or more levels.",
  "turnSequence": {
    "type": "LINEAR",
    "content": {
      "sequence": {
        "steps": [
          [
            {
              "description": "Move",
              "family": "MOVE",
              "effects": ["WIN_ON_JUMP_DOWN", "MOVE"],
              "checks": ["NEIGHBOUR", "MAX_ONE_LEVEL_ABOVE", "NO_DOME", "NOT_OCCUPIED"]
            }
          ], [
            {
              "description": "Build_Block",
              "family": "BUILD",
              "effects": ["BUILD_BLOCK"],
              "checks": ["NEIGHBOUR", "NO_DOME", "NOT_OCCUPIED", "NOT_MAX_LEVEL"]
            }, {
              "description": "Build_Dome",
              "family": "BUILD",
              "effects": ["BUILD_DOME"],
              "checks": ["NEIGHBOUR", "NO_DOME", "NOT_OCCUPIED", "MAX_LEVEL"]
            }
          ]
        ]
      }
    }
  }
},{
  "name": "Artemis",
  "description": "Your Move: Your Worker may move one additional time, but not back to its initial space.",
  "turnSequence": {
    "type": "BRANCHING",
    "content": {
      "commonSteps": {
        "steps": [
          [
            {
              "description": "Move",
              "family": "MOVE",
              "effects": ["FORBID_MOVE_BACK", "MOVE"],
              "checks": ["NEIGHBOUR", "MAX_ONE_LEVEL_ABOVE", "NO_DOME", "NOT_OCCUPIED"]
            }
          ]
        ]
      },
      "branches": [
        {
          "steps": [
            [
              {
                "description": "Move",
                "family": "MOVE",
                "effects": ["MOVE"],
                "checks": ["NEIGHBOUR", "MAX_ONE_LEVEL_ABOVE", "NO_DOME", "NOT_OCCUPIED"]
              }
            ], [
              {
                "description": "Build_Block",
                "family": "BUILD",
                "effects": ["BUILD_BLOCK"],
                "checks": ["NEIGHBOUR", "NO_DOME", "NOT_OCCUPIED", "NOT_MAX_LEVEL"]
              }, {
                "description": "Build_Dome",
                "family": "BUILD",
                "effects": ["BUILD_DOME"],
                "checks": ["NEIGHBOUR", "NO_DOME", "NOT_OCCUPIED", "MAX_LEVEL"]
              }
            ]
          ]
        },
        {
          "steps": [
            [
              {
                "description": "Build_Block",
                "family": "BUILD",
                "effects": ["BUILD_BLOCK"],
                "checks": ["NEIGHBOUR", "NO_DOME", "NOT_OCCUPIED", "NOT_MAX_LEVEL"]
              }, {
                "description": "Build_Dome",
                "family": "BUILD",
                "effects": ["BUILD_DOME"],
                "checks": ["NEIGHBOUR", "NO_DOME", "NOT_OCCUPIED", "MAX_LEVEL"]
              }
            ]
          ]
        }
      ]
    }
  }
},{
  "name": "Prometheus",
  "description": "Your Turn: If your Worker does not move up, it may build both before and after moving.",
  "turnSequence": {
    "type": "BRANCHING",
    "content": {
      "commonSteps": {
        "steps": []
      },
      "branches": [
        {
          "steps": [
            [
              {
                "description": "Move",
                "family": "MOVE",
                "effects": ["MOVE"],
                "checks": ["NEIGHBOUR", "MAX_ONE_LEVEL_ABOVE", "NO_DOME", "NOT_OCCUPIED"]
              }
            ], [
              {
                "description": "Build_Block",
                "family": "BUILD",
                "effects": ["BUILD_BLOCK"],
                "checks": ["NEIGHBOUR", "NO_DOME", "NOT_OCCUPIED", "NOT_MAX_LEVEL"]
              }, {
                "description": "Build_Dome",
                "family": "BUILD",
                "effects": ["BUILD_DOME"],
                "checks": ["NEIGHBOUR", "NO_DOME", "NOT_OCCUPIED", "MAX_LEVEL"]
              }
            ]
          ]
        },
        {
          "steps": [
            [
              {
                "description": "Build_Block",
                "family": "BUILD",
                "effects": ["BUILD_BLOCK"],
                "checks": ["NEIGHBOUR", "NO_DOME", "NOT_OCCUPIED", "NOT_MAX_LEVEL"]
              }, {
                "description": "Build_Dome",
                "family": "BUILD",
                "effects": ["BUILD_DOME"],
                "checks": ["NEIGHBOUR", "NO_DOME", "NOT_OCCUPIED", "MAX_LEVEL"]
              }
            ], [
              {
                "description": "Move",
                "family": "MOVE",
                "effects": ["MOVE"],
                "checks": ["NEIGHBOUR", "MAX_SAME_LEVEL", "NO_DOME", "NOT_OCCUPIED"]
              }
            ], [
              {
                "description": "Build_Block",
                "family": "BUILD",
                "effects": ["BUILD_BLOCK"],
                "checks": ["NEIGHBOUR", "NO_DOME", "NOT_OCCUPIED", "NOT_MAX_LEVEL"]
              }, {
                "description": "Build_Dome",
                "family": "BUILD",
                "effects": ["BUILD_DOME"],
                "checks": ["NEIGHBOUR", "NO_DOME", "NOT_OCCUPIED", "MAX_LEVEL"]
              }
            ]
          ]
        }
      ]
    }
  }
}
]
